{"balance":1.3553829686666667,"startDate":1541342411000,"ethPrice":153.469071748,"investCount":0,"latestTransactions":[],"sumList":[0]}