{"balance":1.3678065686666667,"startDate":1541342411000,"ethPrice":153.764342983,"investCount":0,"latestTransactions":[],"sumList":[0]}