{"balance":1.1195165686666666,"startDate":1541342411000,"ethPrice":95.401387947,"investCount":0,"latestTransactions":[],"sumList":[0]}