{"balance":1.3678065686666667,"startDate":1541342411000,"ethPrice":153.884190481,"investCount":0,"latestTransactions":[],"sumList":[0]}