{"balance":1.4275173686666667,"startDate":1541342411000,"ethPrice":127.161972906,"investCount":0,"latestTransactions":[],"sumList":[0]}