{"balance":1.3007823686666666,"startDate":1541342411000,"ethPrice":138.46812043,"investCount":0,"latestTransactions":[],"sumList":[0]}