{"balance":1.3678065686666667,"startDate":1541342411000,"ethPrice":154.015007096,"investCount":0,"latestTransactions":[],"sumList":[0]}