{"balance":1.0925853686666667,"startDate":1541342411000,"ethPrice":85.43548533,"investCount":0,"latestTransactions":[],"sumList":[0]}