{"balance":1.4352773686666667,"startDate":1541342411000,"ethPrice":128.762796827,"investCount":0,"latestTransactions":[],"sumList":[0]}