{"balance":1.2064817686666667,"startDate":1541342411000,"ethPrice":132.698241332,"investCount":0,"latestTransactions":[],"sumList":[0]}