{"balance":1.4222129686666667,"startDate":1541342411000,"ethPrice":136.156699479,"investCount":0,"latestTransactions":[],"sumList":[0]}