{"balance":1.3984275686666667,"startDate":1541342411000,"ethPrice":149.601761997,"investCount":0,"latestTransactions":[],"sumList":[0]}