{"balance":1.1195165686666666,"startDate":1541342411000,"ethPrice":93.5195364043,"investCount":0,"latestTransactions":[],"sumList":[0]}