{"balance":1.3984275686666667,"startDate":1541342411000,"ethPrice":156.0712714,"investCount":0,"latestTransactions":[],"sumList":[0]}