{"balance":1.3616317686666666,"startDate":1541342411000,"ethPrice":151.970948628,"investCount":0,"latestTransactions":[],"sumList":[0]}