{"balance":1.3719613686666667,"startDate":1541342411000,"ethPrice":129.385042404,"investCount":0,"latestTransactions":[],"sumList":[0]}