{"balance":1.3984275686666667,"startDate":1541342411000,"ethPrice":153.919890338,"investCount":0,"latestTransactions":[],"sumList":[0]}