{"balance":1.3922929686666667,"startDate":1541342411000,"ethPrice":134.225866192,"investCount":0,"latestTransactions":[],"sumList":[0]}