{"balance":1.3984275686666667,"startDate":1541342411000,"ethPrice":158.172846258,"investCount":0,"latestTransactions":[],"sumList":[0]}