{"balance":1.3532041686666667,"startDate":1541342411000,"ethPrice":154.336189947,"investCount":0,"latestTransactions":[],"sumList":[0]}