{"balance":1.3498137686666667,"startDate":1541342411000,"ethPrice":152.301069571,"investCount":0,"latestTransactions":[],"sumList":[0]}