{"balance":1.3984275686666667,"startDate":1541342411000,"ethPrice":159.806733989,"investCount":0,"latestTransactions":[],"sumList":[0]}