{"balance":1.2064817686666667,"startDate":1541342411000,"ethPrice":133.84016698,"investCount":0,"latestTransactions":[],"sumList":[0]}