{"balance":1.1223453686666667,"startDate":1541342411000,"ethPrice":94.5413906519,"investCount":0,"latestTransactions":[],"sumList":[0]}