{"balance":1.3678065686666667,"startDate":1541342411000,"ethPrice":150.386657537,"investCount":0,"latestTransactions":[],"sumList":[0]}