{"balance":1.3616317686666666,"startDate":1541342411000,"ethPrice":141.46304361,"investCount":0,"latestTransactions":[],"sumList":[0]}