{"balance":1.4222129686666667,"startDate":1541342411000,"ethPrice":139.913693854,"investCount":0,"latestTransactions":[],"sumList":[0]}