{"balance":1.3532041686666667,"startDate":1541342411000,"ethPrice":157.917774403,"investCount":0,"latestTransactions":[],"sumList":[0]}