{"balance":1.2064817686666667,"startDate":1541342411000,"ethPrice":150.927685189,"investCount":0,"latestTransactions":[],"sumList":[0]}