{"balance":1.104118702,"startDate":1541342411000,"ethPrice":120.860145982,"investCount":0,"latestTransactions":[],"sumList":[0]}