{"balance":1.4202685686666667,"startDate":1541342411000,"ethPrice":128.368390868,"investCount":0,"latestTransactions":[],"sumList":[0]}