{"balance":1.3619245686666668,"startDate":1541342411000,"ethPrice":115.957025421,"investCount":0,"latestTransactions":[],"sumList":[0]}