{"balance":1.2064817686666667,"startDate":1541342411000,"ethPrice":151.744397227,"investCount":0,"latestTransactions":[],"sumList":[0]}