{"balance":1.1195165686666666,"startDate":1541342411000,"ethPrice":93.7743441195,"investCount":0,"latestTransactions":[],"sumList":[0]}