{"balance":1.3007823686666666,"startDate":1541342411000,"ethPrice":136.88637714,"investCount":0,"latestTransactions":[],"sumList":[0]}