{"balance":1.0925853686666667,"startDate":1541342411000,"ethPrice":109.692291849,"investCount":0,"latestTransactions":[],"sumList":[0]}